round,client,n_train_samples,local_train_loss,local_test_accuracy,local_test_precision,local_test_recall,local_test_f1,local_test_f1_micro,local_test_f1_per_class,local_test_auc,size_weight,performance_weight,adaptive_weight
1,0,3744,1.1283220331383566,0.22061289846897125,0.12614171717849818,0.9226690294438387,0.2164521461976958,0.23996431757359502,"[0.35758106923751093, 0.15732546705998032, 0.3886500429922614, 0.4331103678929766, 0.22537878787878787, 0.24719101123595505, 0.09164969450101833, 0.22537878787878787, 0.24551463644948066, 0.2099290780141844, 0.126, 0.12108559498956159, 0.20153550863723607, 0.0]",0.5897330780771662,0.25,0.24799729674921916,0.24919891869968766
1,1,3744,1.1069793966081407,0.21199877560138702,0.12145973822125086,0.9192402425161045,0.208351904716755,0.2335582412693705,"[0.3546971027216857, 0.14638971315529178, 0.411864406779661, 0.4172297297297297, 0.22369668246445498, 0.27121771217712176, 0.0720164609053498, 0.23374175306314798, 0.21455938697318008, 0.12173913043478261, 0.12036108324974924, 0.11928934010152284, 0.21012416427889208, 0.0]",0.5939495853842435,0.25,0.2515562650108581,0.2506225060043432
1,2,3744,1.1250492683333209,0.19804848730564117,0.1253318308647416,0.9285714285714286,0.2150472618896704,0.23790205737467401,"[0.3267857142857143, 0.1627450980392157, 0.4064625850340136, 0.44867549668874174, 0.2632066728452271, 0.2387218045112782, 0.09164969450101833, 0.21863117870722434, 0.23040604343720492, 0.16112789526686808, 0.15369458128078817, 0.12974051896207583, 0.17881438289601556, 0.0]",0.5884810461592983,0.25,0.24694539398586973,0.2487781575943479
1,3,3744,1.1336528331296056,0.20536667108535767,0.12444064851171195,0.9244306418219461,0.21312250195575447,0.23723108444314356,"[0.35758106923751093, 0.14271555996035679, 0.39692044482463645, 0.44739022369511183, 0.25512104283054005, 0.22873345935727787, 0.0720164609053498, 0.23540489642184556, 0.21863117870722434, 0.14705882352941177, 0.14271555996035679, 0.13101330603889458, 0.2084130019120459, 0.0]",0.5962410745166649,0.25,0.25350104425405307,0.25140041770162125
2,0,3744,1.114066447202976,0.19911572337150574,0.1239110195593435,0.9285714285714286,0.21293505907933954,0.23581611870817573,"[0.35758106923751093, 0.15732546705998032, 0.3886500429922614, 0.4331103678929766, 0.22537878787878787, 0.24719101123595505, 0.09164969450101833, 0.22537878787878787, 0.24554826616682288, 0.15873015873015872, 0.126, 0.12301166489925769, 0.20153550863723607, 0.0]",0.5972525989686751,0.25,0.25997460033402015,0.25398984013360804
2,1,3744,1.1022122819199522,0.19911572337150574,0.12095022166623991,0.9261083743842364,0.20750576624140177,0.23123079174593883,"[0.3546971027216857, 0.14638971315529178, 0.411864406779661, 0.4172297297297297, 0.22369668246445498, 0.27121771217712176, 0.0720164609053498, 0.23374175306314798, 0.21353670162059105, 0.12375690607734807, 0.12036108324974924, 0.10644831115660185, 0.21012416427889208, 0.0]",0.575016944415714,0.25,0.24097728538490798,0.2463909141539632
2,2,3744,1.1127646451322442,0.21885958313941956,0.12681946259574833,0.922184065934066,0.2175078457428695,0.24202973592721355,"[0.3267857142857143, 0.1627450980392157, 0.4064625850340136, 0.44867549668874174, 0.2632066728452271, 0.2387218045112782, 0.09164969450101833, 0.21863117870722434, 0.23040604343720492, 0.16205128205128205, 0.15369458128078817, 0.16326530612244897, 0.17881438289601556, 0.0]",0.5995532076874117,0.25,0.26198129488616756,0.254792517954467
2,3,3744,1.1170945615849943,0.2022411972284317,0.12411785065173973,0.9229910714285714,0.2125623328320719,0.23641006931776723,"[0.35758106923751093, 0.14271555996035679, 0.39692044482463645, 0.44739022369511183, 0.25512104283054005, 0.22873345935727787, 0.0720164609053498, 0.23540489642184556, 0.21863117870722434, 0.13897280966767372, 0.14271555996035679, 0.13125695216907676, 0.2084130019120459, 0.0]",0.5703323094762991,0.25,0.2370668193949043,0.24482672775796172
3,0,3744,1.1100210231593532,0.21268485486507416,0.1251292213381218,0.9249999999999999,0.21488269245732877,0.23846040407019614,"[0.35789473684210527, 0.15732546705998032, 0.3889845094664372, 0.4331103678929766, 0.22537878787878787, 0.2469597754911132, 0.09164969450101833, 0.22537878787878787, 0.2464722483537159, 0.18581907090464547, 0.126, 0.12184873949579832, 0.20153550863723607, 0.0]",0.5988374759500049,0.25,0.2561310634688731,0.25245242538754925
3,1,3744,1.0919614002745375,0.21123646199703217,0.12175597412286988,0.9221295945433877,0.20886565168769256,0.233612325012962,"[0.3546971027216857, 0.14638971315529178, 0.411864406779661, 0.4172297297297297, 0.22369668246445498, 0.27121771217712176, 0.0720164609053498, 0.23374175306314798, 0.21374045801526717, 0.1445466491458607, 0.12036108324974924, 0.1044932079414838, 0.21012416427889208, 0.0]",0.5962669186286723,0.25,0.2539368572255483,0.2515747428902193
3,2,3744,1.1066952195432451,0.19743862748146057,0.12527746559708014,0.9285714285714286,0.21495528078776266,0.23776426295974515,"[0.3267857142857143, 0.1627450980392157, 0.4064625850340136, 0.44867549668874174, 0.2632066728452271, 0.2387218045112782, 0.09164969450101833, 0.21863117870722434, 0.23040604343720492, 0.15984015984015984, 0.15369458128078817, 0.12974051896207583, 0.17881438289601556, 0.0]",0.588730623704226,0.25,0.2475583412773346,0.24902333651093383
3,3,3744,1.111956240835353,0.21321848034858704,0.12887248082850788,0.9537719979296065,0.22046637981749442,0.23869587666887954,"[0.35758106923751093, 0.1444332998996991, 0.39692044482463645, 0.44776119402985076, 0.25512104283054005, 0.22873345935727787, 0.0720164609053498, 0.23540489642184556, 0.21863117870722434, 0.21746880570409982, 0.14271555996035679, 0.14418604651162792, 0.2084130019120459, 0.017142857142857144]",0.5825331239834466,0.25,0.24237373802824397,0.24694949521129758
4,0,3744,1.1054582256027776,0.2169537991285324,0.12541342460476623,0.9261083743842364,0.21549322391233372,0.23967431532198372,"[0.35758106923751093, 0.15732546705998032, 0.3886500429922614, 0.4331103678929766, 0.22537878787878787, 0.24812030075187969, 0.09164969450101833, 0.22537878787878787, 0.24531835205992508, 0.15888778550148958, 0.126, 0.15796897038081806, 0.20153550863723607, 0.0]",0.6222474773911266,0.25,0.2587078281673853,0.2534831312669541
4,1,3744,1.085610339529494,0.20788230001926422,0.12148032636413511,0.9244505494505494,0.20841866901468661,0.23307993209830985,"[0.3546971027216857, 0.14638971315529178, 0.411864406779661, 0.4172297297297297, 0.22369668246445498, 0.27121771217712176, 0.0720164609053498, 0.23507109004739338, 0.21353670162059105, 0.12314225053078556, 0.12036108324974924, 0.11750599520383694, 0.21113243761996162, 0.0]",0.6146057989264965,0.25,0.2523925828607111,0.2509570331442844
4,2,3744,1.1018068664094323,0.2325049489736557,0.1283039958380386,0.9177087357579762,0.2197993046507539,0.24459783913565425,"[0.3267857142857143, 0.1627450980392157, 0.4064625850340136, 0.44867549668874174, 0.2590866728797763, 0.24705882352941178, 0.09164969450101833, 0.21863117870722434, 0.23040604343720492, 0.15888778550148958, 0.15369458128078817, 0.18124006359300476, 0.19186652763295098, 0.0]",0.6143861214675498,0.25,0.25221219064000755,0.25088487625600303
4,3,3744,1.107745697050013,0.2090257704257965,0.12528287529717358,0.9254658385093169,0.2145337648233528,0.2381791483113069,"[0.35758106923751093, 0.14271555996035679, 0.39692044482463645, 0.44739022369511183, 0.25512104283054005, 0.22873345935727787, 0.0720164609053498, 0.23540489642184556, 0.2222222222222222, 0.16520650813516896, 0.14271555996035679, 0.12903225806451613, 0.2084130019120459, 0.0]",0.5951767088409045,0.25,0.23668739833189603,0.2446749593327584
5,0,3744,1.1028821477013775,0.2154291868209839,0.12539490499618092,0.9285714285714286,0.21544029627012248,0.2395448500073888,"[0.3582089552238806, 0.15732546705998032, 0.3896551724137931, 0.4331103678929766, 0.22537878787878787, 0.24858757062146894, 0.09164969450101833, 0.22537878787878787, 0.24554826616682288, 0.17057569296375266, 0.126, 0.14320987654320988, 0.20153550863723607, 0.0]",0.6204549449691897,0.25,0.2571844929313966,0.25287379717255865
5,1,3744,1.0839150895929743,0.20292727649211884,0.12125539136253012,0.9273399014778325,0.2080573444938048,0.23219268615068292,"[0.3546971027216857, 0.14638971315529178, 0.411864406779661, 0.4172297297297297, 0.22369668246445498, 0.27121771217712176, 0.0720164609053498, 0.23374175306314798, 0.21374045801526717, 0.1254125412541254, 0.12036108324974924, 0.11231101511879049, 0.21012416427889208, 0.0]",0.6076271273081325,0.25,0.2466599208170357,0.24866396832681428
5,2,3744,1.0962252308670273,0.20628143846988678,0.1259776540597119,0.9267857142857142,0.2161088329626672,0.23955594507741748,"[0.3267857142857143, 0.1627450980392157, 0.4064625850340136, 0.44867549668874174, 0.2632066728452271, 0.2389463781749765, 0.09164969450101833, 0.21863117870722434, 0.23040604343720492, 0.1735261401557286, 0.15369458128078817, 0.1319796954314721, 0.17881438289601556, 0.0]",0.604392779785451,0.25,0.24404100997469666,0.24761640398987866
5,3,3744,1.1048881605649605,0.19743862748146057,0.12738251324428354,0.9598370457628328,0.21812283626922885,0.2356613910265718,"[0.35758106923751093, 0.14271555996035679, 0.39724849527085127, 0.44739022369511183, 0.25512104283054005, 0.22873345935727787, 0.0720164609053498, 0.23946360153256704, 0.2222222222222222, 0.18922852983988356, 0.14271555996035679, 0.1351636747624076, 0.2084130019120459, 0.015706806282722512]",0.6143089440432556,0.25,0.25211457627687117,0.2508458305107485
6,0,3744,1.1001870455904903,0.21718250215053558,0.12543878699460603,0.9276785714285715,0.215546042764664,0.23984010659560293,"[0.35758106923751093, 0.15732546705998032, 0.3886500429922614, 0.4331103678929766, 0.22537878787878787, 0.24719101123595505, 0.09164969450101833, 0.22537878787878787, 0.2460093896713615, 0.17062634989200864, 0.126, 0.14720812182741116, 0.20153550863723607, 0.0]",0.6254799883409287,0.25,0.2507379369016573,0.25029517476066293
6,1,3744,1.0797184282897885,0.21420948207378387,0.12179131399989827,0.920082128755598,0.2088639383646969,0.23394768133174793,"[0.3546971027216857, 0.14638971315529178, 0.411864406779661, 0.4172297297297297, 0.22369668246445498, 0.27052238805970147, 0.0720164609053498, 0.23484848484848486, 0.2139446036294174, 0.12172088142707241, 0.12036108324974924, 0.1222366710013004, 0.21456692913385828, 0.0]",0.6120574392561072,0.25,0.240091934677525,0.24603677387101
6,2,3744,1.0946134213708405,0.22122274339199066,0.1272612453916404,0.9229154213986851,0.2181596372143484,0.2424736764051609,"[0.3267857142857143, 0.16290480863591755, 0.4057971014492754, 0.44867549668874174, 0.2632066728452271, 0.23962264150943396, 0.09164969450101833, 0.21863117870722434, 0.2314990512333966, 0.19072164948453607, 0.15369458128078817, 0.1422319474835886, 0.17881438289601556, 0.0]",0.6381724562636573,0.25,0.26101731701248043,0.25440692680499216
6,3,3744,1.0973878452411066,0.2289983183145523,0.12685516449084505,0.9186260959461291,0.21690419151189438,0.24182908545727136,"[0.35758106923751093, 0.14271555996035679, 0.39724849527085127, 0.44739022369511183, 0.25512104283054005, 0.23135755258126195, 0.0720164609053498, 0.24693877551020407, 0.21883920076117983, 0.1373134328358209, 0.14314115308151093, 0.17313432835820897, 0.21386138613861386, 0.0]",0.6222472633504796,0.25,0.24815281140833723,0.24926112456333488
7,0,3744,1.0956127350656395,0.2354779690504074,0.12714574238411572,0.9196217733471429,0.21822305642391937,0.24315146026714965,"[0.35758106923751093, 0.15732546705998032, 0.3896551724137931, 0.43179916317991635, 0.22537878787878787, 0.2492753623188406, 0.09164969450101833, 0.22537878787878787, 0.24554826616682288, 0.17732884399551066, 0.126, 0.17666666666666667, 0.20153550863723607, 0.0]",0.6339006899628955,0.25,0.2563088001243229,0.25252352004972917
7,1,3744,1.0773444623519213,0.21596279740333557,0.12193529036230265,0.9206316040149268,0.20914363929645874,0.23446222553033122,"[0.3546971027216857, 0.14638971315529178, 0.411864406779661, 0.4172297297297297, 0.22369668246445498, 0.27146814404432135, 0.0720164609053498, 0.23450905624404195, 0.2149080348499516, 0.1288135593220339, 0.12060301507537688, 0.11925465838509317, 0.21256038647342995, 0.0]",0.6216435234573746,0.25,0.24649260539537704,0.24859704215815082
7,2,3744,1.0925345851824835,0.21565787494182587,0.1300285211293426,0.937087912087912,0.22266918614330522,0.24139202241392022,"[0.3267857142857143, 0.1627450980392157, 0.4064625850340136, 0.44867549668874174, 0.2632066728452271, 0.2414448669201521, 0.09164969450101833, 0.21863117870722434, 0.23040604343720492, 0.16593886462882096, 0.15369458128078817, 0.1519903498190591, 0.17881438289601556, 0.07692307692307693]",0.6315785298175663,0.25,0.2544343743225661,0.25177374972902644
7,3,3744,1.0943743419443441,0.20643390715122223,0.12470323480743653,0.9257489669421488,0.213552905710693,0.23758605536839023,"[0.35758106923751093, 0.14271555996035679, 0.39692044482463645, 0.44739022369511183, 0.25512104283054005, 0.23346303501945526, 0.0720164609053498, 0.23540489642184556, 0.21863117870722434, 0.13813813813813813, 0.14271555996035679, 0.14123006833712984, 0.2084130019120459, 0.0]",0.616924197726539,0.25,0.242764220157734,0.2471056880630936
8,0,3744,1.0936656928469992,0.23059917986392975,0.1272217391199272,0.924494550434816,0.2180761824476252,0.2424378893642573,"[0.35789473684210527, 0.15732546705998032, 0.4032258064516129, 0.4331103678929766, 0.22537878787878787, 0.24738344433872503, 0.09164969450101833, 0.22818791946308725, 0.24554826616682288, 0.1882640586797066, 0.12612612612612611, 0.14646464646464646, 0.20250723240115717, 0.0]",0.6414411683027322,0.25,0.2543671378180311,0.25174685512721245
8,1,3744,1.0733205375508366,0.20971184968948364,0.12133983554007773,0.9192768925096226,0.20804640996160348,0.23258568361832851,"[0.3546971027216857, 0.14638971315529178, 0.411864406779661, 0.4172297297297297, 0.22369668246445498, 0.2706209453197405, 0.0720164609053498, 0.23228346456692914, 0.2139446036294174, 0.1192468619246862, 0.12060301507537688, 0.11708482676224612, 0.21297192642787996, 0.0]",0.6282721441059376,0.25,0.24402984991205004,0.24761193996482
8,2,3744,1.0884853893365616,0.23113279044628143,0.1280825029766084,0.9179206007651006,0.21937266582590942,0.24415467625899281,"[0.3267857142857143, 0.16306483300589392, 0.4058219178082192, 0.44867549668874174, 0.26454033771106944, 0.2497541789577188, 0.09164969450101833, 0.21863117870722434, 0.2359882005899705, 0.16369359916054566, 0.15369458128078817, 0.16905444126074498, 0.1798631476050831, 0.0]",0.6337934381005841,0.25,0.24833779480800178,0.2493351179232007
8,3,3744,1.0901779053557632,0.20833969116210938,0.12749388819261487,0.9612863211251517,0.21857287440711456,0.23824543387368885,"[0.35758106923751093, 0.14271555996035679, 0.39896373056994816, 0.44739022369511183, 0.25512104283054005, 0.22916666666666666, 0.0720164609053498, 0.23674242424242425, 0.21860019175455417, 0.17048346055979643, 0.14271555996035679, 0.13631522896698617, 0.2084130019120459, 0.043795620437956206]",0.6400502963657259,0.25,0.25326521746191716,0.25130608698476686
9,0,3744,1.0900243637908218,0.23563043773174286,0.12744876969553534,0.9212724274662843,0.21862966205180798,0.24353074311580536,"[0.35758106923751093, 0.15732546705998032, 0.3957968476357268, 0.4331103678929766, 0.22537878787878787, 0.24716981132075472, 0.09164969450101833, 0.2318271119842829, 0.24554826616682288, 0.1722282023681378, 0.12740141557128412, 0.1734860883797054, 0.2023121387283237, 0.0]",0.6485381400584938,0.25,0.25529322291397405,0.2521172891655896
9,1,3744,1.0718687917941656,0.22228997945785522,0.12248707608774279,0.9179352984556675,0.20993563640147814,0.23569074018579564,"[0.35532102022867196, 0.14638971315529178, 0.4143835616438356, 0.4175824175824176, 0.22369668246445498, 0.27162790697674416, 0.07226354941551541, 0.2361904761904762, 0.21875, 0.13664596273291926, 0.12036108324974924, 0.11475409836065574, 0.21113243761996162, 0.0]",0.6320641968124532,0.25,0.24248820772082297,0.2469952830883292
9,2,3744,1.0839918461110858,0.25468820333480835,0.1353755417577057,0.9672747819662865,0.23050865242076982,0.24832782347966478,"[0.32707774798927614, 0.16354679802955666, 0.42830540037243947, 0.4492512479201331, 0.2634508348794063, 0.2495049504950495, 0.09164969450101833, 0.22178988326848248, 0.25806451612903225, 0.23778501628664495, 0.1541501976284585, 0.15536374845869297, 0.17898832684824903, 0.04819277108433735]",0.6508279967524598,0.25,0.25709918276311144,0.2528396731052446
9,3,3744,1.088206566297091,0.22244244813919067,0.12954370965899628,0.9452606814886363,0.2216422118376069,0.24073246985261276,"[0.356140350877193, 0.14271555996035679, 0.40244969378827644, 0.44739022369511183, 0.25512104283054005, 0.24155578300921188, 0.0720164609053498, 0.24390243902439024, 0.22136669874879691, 0.15315315315315314, 0.14414414414414414, 0.14169570267131243, 0.20861244019138755, 0.07272727272727272]",0.635484129874872,0.25,0.24511938660209165,0.24804775464083667
10,0,3744,1.086365573783206,0.23852720856666565,0.12830518291412482,0.9215773088301539,0.21960759551175907,0.24388766936643705,"[0.36088888888888887, 0.15732546705998032, 0.40619307832422585, 0.4331103678929766, 0.22537878787878787, 0.24835371589840075, 0.09211873080859775, 0.2262357414448669, 0.24670433145009416, 0.20352781546811397, 0.126, 0.14596670934699105, 0.20270270270270271, 0.0]",0.6503564245797175,0.25,0.25544274323272176,0.2521770972930887
10,1,3744,1.0695757450711014,0.22267113626003265,0.1223019112962895,0.9143447637923262,0.20946947882610364,0.2347467166979362,"[0.35638297872340424, 0.14638971315529178, 0.4113597246127367, 0.4172297297297297, 0.22369668246445498, 0.27137546468401486, 0.07209062821833162, 0.23728813559322035, 0.21414913957934992, 0.12121212121212122, 0.12170385395537525, 0.12754409769335143, 0.21215043394406943, 0.0]",0.635800820880047,0.25,0.24413658677056416,0.24765463470822566
10,2,3744,1.0811112325415653,0.21420948207378387,0.12996656485639876,0.9544642857142858,0.22313359110397282,0.24150110375275938,"[0.32707774798927614, 0.16290480863591755, 0.4064625850340136, 0.44867549668874174, 0.2632066728452271, 0.24470134874759153, 0.09164969450101833, 0.21863117870722434, 0.2339405560882071, 0.18377088305489261, 0.15445544554455445, 0.1381509032943677, 0.17881438289601556, 0.07142857142857142]",0.6492399076623477,0.25,0.25456641967904586,0.25182656787161833
10,3,3744,1.0849014533381176,0.3078213036060333,0.13265053082304545,0.8438270400984396,0.22161683039552896,0.24846879655686144,"[0.35645302897278314, 0.14428857715430862, 0.41035120147874304, 0.44739022369511183, 0.2560747663551402, 0.22894985808893092, 0.0720164609053498, 0.23736263736263735, 0.21863117870722434, 0.13953488372093023, 0.14698162729658792, 0.2047930283224401, 0.23980815347721823, 0.0]",0.6380335417863535,0.25,0.24585425031766822,0.2483417001270673
11,0,3744,1.0832946710097484,0.23829852044582367,0.12831638802963322,0.9216107715081013,0.219639556750646,0.24394673123486682,"[0.35978835978835977, 0.15763546798029557, 0.41030358785648574, 0.4331103678929766, 0.22537878787878787, 0.25, 0.09164969450101833, 0.22559241706161137, 0.2448210922787194, 0.17278617710583152, 0.12650602409638553, 0.17170111287758347, 0.20568070519098922, 0.0]",0.6562408553165796,0.25,0.25212068615317873,0.2508482744612715
11,1,3744,1.063630459502212,0.23120902478694916,0.1232693493764651,0.9122500150449601,0.21082988724051724,0.23627413858386975,"[0.354295837023915, 0.14638971315529178, 0.41622574955908287, 0.4172297297297297, 0.22369668246445498, 0.2718808193668529, 0.0720164609053498, 0.24055666003976142, 0.2172211350293542, 0.12698412698412698, 0.12096774193548387, 0.12568306010928962, 0.21847070506454816, 0.0]",0.6474848516347597,0.25,0.24543764530239837,0.24817505812095936
11,2,3744,1.0773141202763614,0.2645220160484314,0.13553160058672342,0.9221064315163083,0.23063426332166556,0.2506989748369059,"[0.32707774798927614, 0.16370808678500987, 0.4216120460584588, 0.4494195688225539, 0.26590693257359926, 0.25149700598802394, 0.09164969450101833, 0.24425634824667472, 0.23349282296650717, 0.1764032073310424, 0.16904761904761906, 0.1641025641025641, 0.18737270875763748, 0.08333333333333333]",0.6519649541839433,0.25,0.24884587938305733,0.24953835175322292
11,3,3744,1.0815768558754881,0.2125324010848999,0.12544807044378883,0.9250655003380662,0.21462925828756668,0.23864976415094338,"[0.3573943661971831, 0.14285714285714285, 0.4014022787028922, 0.44739022369511183, 0.25512104283054005, 0.22981956315289648, 0.0720164609053498, 0.23651844843897823, 0.21946564885496184, 0.1464968152866242, 0.14271555996035679, 0.1451990632318501, 0.2084130019120459, 0.0]",0.6581578163542465,0.25,0.25359578916136566,0.2514383156645463
12,0,3744,1.0779593317936629,0.2827412784099579,0.15826386089074607,0.9127339316123403,0.2452190118561057,0.2481821813823412,"[0.36678832116788324, 0.1562809099901088, 0.4369747899159664, 0.43256997455470736, 0.22753346080305928, 0.24761904761904763, 0.09249743062692703, 0.2318271119842829, 0.2605128205128205, 0.2159090909090909, 0.13160733549083065, 0.16272189349112426, 0.20355731225296442, 0.26666666666666666]",0.6609081534249396,0.25,0.25380225863695677,0.25152090345478273
12,1,3744,1.059732008082235,0.28678151965141296,0.13190850745272392,0.9385790650136653,0.22467150167989947,0.24790996784565916,"[0.35500878734622143, 0.14638971315529178, 0.42611060743427015, 0.4180118946474087, 0.2239089184060721, 0.2730696798493409, 0.0779816513761468, 0.25836216839677045, 0.2424916573971079, 0.20423892100192678, 0.12738853503184713, 0.12931034482758622, 0.22339304531085352, 0.039735099337748346]",0.6437825940649046,0.25,0.2408195410117581,0.24632781640470325
12,2,3744,1.0733514241173736,0.23669767379760742,0.13297505780939764,0.950392725800847,0.22715609589956567,0.24595225544092175,"[0.3288409703504043, 0.16750756811301715, 0.43575418994413406, 0.44867549668874174, 0.2632066728452271, 0.24213536701620592, 0.09164969450101833, 0.22179363548698167, 0.23865877712031558, 0.19437340153452684, 0.15522388059701492, 0.1490104772991851, 0.1798631476050831, 0.06349206349206349]",0.6582368844715648,0.25,0.251754760910934,0.2507019043643736
12,3,3744,1.075859436010703,0.22084158658981323,0.12987394017620504,0.9687372428012676,0.22258373571472598,0.24058250984471358,"[0.35789473684210527, 0.14457831325301204, 0.40315512708150747, 0.44739022369511183, 0.25512104283054005, 0.23219512195121952, 0.0720164609053498, 0.24242424242424243, 0.21902017291066284, 0.15488215488215487, 0.14342629482071714, 0.14869888475836432, 0.2084130019120459, 0.08695652173913043]",0.6606752873153265,0.25,0.253623439440351,0.2514493757761404
13,0,3744,1.0701102238435012,0.25323981046676636,0.13447085369808662,0.9447559964376622,0.22933637312511035,0.24622960911049555,"[0.36202307009760426, 0.17173913043478262, 0.4198250728862974, 0.4331103678929766, 0.22537878787878787, 0.2460093896713615, 0.09164969450101833, 0.22519083969465647, 0.25193798449612403, 0.2363013698630137, 0.1276595744680851, 0.14009661835748793, 0.20211742059672763, 0.07766990291262135]",0.6631659883965856,0.25,0.2546551151351167,0.25186204605404666
13,1,3744,1.0555227695876717,0.2975301146507263,0.13127494244334614,0.8749873870588107,0.22002705158857178,0.24399048322257774,"[0.3535811423390752, 0.14697120158887786, 0.4557522123893805, 0.4175824175824176, 0.22476190476190477, 0.2746212121212121, 0.07223942208462332, 0.26629680998613037, 0.24035281146637266, 0.1506849315068493, 0.12102564102564102, 0.13636363636363635, 0.2201453790238837, 0.0]",0.646475602556597,0.25,0.24199823258008185,0.24679929303203274
13,2,3744,1.0671823653400454,0.24561670422554016,0.139825460386802,0.9585030655791302,0.23365738692140486,0.24063842848373235,"[0.3303249097472924, 0.1627450980392157, 0.45689655172413796, 0.4529616724738676, 0.2632066728452271, 0.24121557454890788, 0.09183673469387756, 0.21883920076117983, 0.2849162011173184, 0.27927927927927926, 0.15756302521008403, 0.13471502590673576, 0.17881438289601556, 0.017889087656529516]",0.6591787650166385,0.25,0.25160214062305586,0.25064085624922233
13,3,3744,1.069763281253668,0.36728158593177795,0.14404803501404254,0.7944536645223311,0.23247743162783557,0.25600573682323413,"[0.3705069124423963, 0.14519427402862986, 0.46494464944649444, 0.44739022369511183, 0.25512104283054005, 0.23246878001921228, 0.0720164609053498, 0.2589928057553957, 0.21883920076117983, 0.13813813813813813, 0.21019108280254778, 0.21739130434782608, 0.2234891676168757, 0.0]",0.659365239370213,0.25,0.2517445116617456,0.25069780466469826
14,0,3744,1.0659973391100892,0.24050922691822052,0.13233849964325867,0.9640650952653141,0.2267507142863772,0.24425396343776076,"[0.3582089552238806, 0.16243654822335024, 0.41246562786434465, 0.43179916317991635, 0.22413793103448276, 0.24716981132075472, 0.09164969450101833, 0.23031496062992127, 0.24854368932038834, 0.21782178217821782, 0.12783505154639174, 0.14213197969543148, 0.20452310717797442, 0.07547169811320754]",0.6805529479694258,0.25,0.25827694765936987,0.25331077906374794
14,1,3744,1.0447791073566828,0.28502821922302246,0.12751164481221547,0.8813602850007142,0.21667406072605117,0.24502938098687918,"[0.35315315315315315, 0.15400624349635797, 0.42297650130548303, 0.4172297297297297, 0.22369668246445498, 0.27121771217712176, 0.07223942208462332, 0.2672292545710267, 0.21407907425265188, 0.12780269058295965, 0.138442521631644, 0.1455223880597015, 0.2258414766558089, 0.0]",0.6619735030698146,0.25,0.24436725956687488,0.24774690382674996
14,2,3744,1.0582369499736362,0.24119530618190765,0.13471382946803928,0.9630531388355985,0.22969820897741772,0.2469359963685883,"[0.32972972972972975, 0.16717019133937563, 0.4478468899521531, 0.44867549668874174, 0.2632066728452271, 0.2402287893231649, 0.09164969450101833, 0.21904761904761905, 0.2339405560882071, 0.23100303951367782, 0.15527950310559005, 0.14176663031624864, 0.17881438289601556, 0.06741573033707865]",0.6667197617271193,0.25,0.24788398078665733,0.24915359231466294
14,3,3744,1.0607251508113666,0.31178534030914307,0.14056169956143735,0.9094117069527273,0.2339468088025828,0.2501661129568106,"[0.362962962962963, 0.14314115308151093, 0.4527872582480091, 0.453382084095064, 0.2555970149253731, 0.24166666666666667, 0.0720164609053498, 0.2725, 0.25862068965517243, 0.2141623488773748, 0.15942028985507245, 0.15051020408163265, 0.2084130019120459, 0.03007518796992481]",0.6688517037672056,0.25,0.24947181198709784,0.24978872479483913
15,0,3744,1.0571704435552287,0.27679523825645447,0.1373335228722757,0.9193276092981936,0.231856500732306,0.248792461794283,"[0.36693914623069934, 0.16846652267818574, 0.43618090452261304, 0.4351535836177474, 0.22580645161290322, 0.2507345739471107, 0.09174311926605505, 0.2277992277992278, 0.27149321266968324, 0.26490066225165565, 0.13291139240506328, 0.1376037959667853, 0.20329138431752178, 0.03296703296703297]",0.6730654516050112,0.25,0.24626024593022436,0.24850409837208975
15,1,3744,1.0365282849878328,0.3074401617050171,0.1395209252266464,0.9133661793874743,0.23261485475452467,0.24699544135930376,"[0.3575525812619503, 0.1544885177453027, 0.4785276073619632, 0.4175824175824176, 0.22369668246445498, 0.2722222222222222, 0.07246376811594203, 0.25688073394495414, 0.2348916761687571, 0.1925133689839572, 0.13675213675213677, 0.13144329896907217, 0.21330724070450097, 0.11428571428571428]",0.6828542906954145,0.25,0.2534753879658997,0.2513901551863599
15,2,3744,1.0505741055195148,0.3130812644958496,0.13702794887241662,0.8829879671622848,0.23167970415545666,0.25951187443503987,"[0.3352165725047081, 0.1980440097799511, 0.4427625354777673, 0.44867549668874174, 0.271055179090029, 0.2512873326467559, 0.09164969450101833, 0.2606310013717421, 0.23238095238095238, 0.17057569296375266, 0.17345597897503284, 0.17014446227929375, 0.19763694951664876, 0.0]",0.674071918327882,0.25,0.2469972858572913,0.2487989143429165
15,3,3744,1.0503824718487569,0.2857142984867096,0.13906561799304876,0.9151403833084443,0.23406082862729036,0.25063979526551505,"[0.3623445825932504, 0.14663951120162932, 0.44750795334040294, 0.44739022369511183, 0.2555970149253731, 0.23541247484909456, 0.0720164609053498, 0.2788339670468948, 0.2207163601161665, 0.15418994413407822, 0.1752738654147105, 0.15803108808290156, 0.20861244019138755, 0.11428571428571428]",0.682573645980164,0.25,0.2532670802465847,0.25130683209863386
16,0,3744,1.0497754582991967,0.2962341904640198,0.14096625817856848,0.9333733097867596,0.23746831457388867,0.2537989007436146,"[0.36561085972850677, 0.19167717528373265, 0.4644107351225204, 0.43037974683544306, 0.2241215574548908, 0.24761904761904763, 0.0944386149003148, 0.24380165289256198, 0.25510204081632654, 0.24052718286655683, 0.13922651933701657, 0.14728682170542637, 0.20192307692307693, 0.0784313725490196]",0.691595980249847,0.25,0.251489258697508,0.2505957034790032
16,1,3744,1.026725683405868,0.3035523593425751,0.1359085154839203,0.8984494232013773,0.2296535178129706,0.2516382699868938,"[0.35855855855855856, 0.23622047244094488, 0.4199475065616798, 0.4194373401534527, 0.22369668246445498, 0.2696214219759926, 0.0821566110397946, 0.2346263008514664, 0.21739130434782608, 0.2033898305084746, 0.125, 0.11791907514450867, 0.2119460500963391, 0.09523809523809523]",0.6895886964806432,0.25,0.2500315355689841,0.25001261422759363
16,2,3744,1.0406755418858977,0.3245921730995178,0.1531993942418235,0.897010251293634,0.24866330344752186,0.2621585609593604,"[0.32854578096947934, 0.20127388535031848, 0.45045045045045046, 0.4490472245236123, 0.2728249194414608, 0.25833333333333336, 0.09164969450101833, 0.2544589774078478, 0.23233301064859632, 0.174496644295302, 0.17962466487935658, 0.18932874354561102, 0.1989189189189189, 0.2]",0.6843103945699684,0.25,0.24621856385288649,0.2484874255411546
16,3,3744,1.0416433160121625,0.2836560308933258,0.13792231679977804,0.9612510852520568,0.23362239968681855,0.25141400462040947,"[0.3573943661971831, 0.20540540540540542, 0.40970350404312667, 0.446167097329888, 0.25512104283054005, 0.24299065420560748, 0.07314524555903866, 0.24015369836695485, 0.23870967741935484, 0.2632794457274827, 0.1463917525773196, 0.14078212290502792, 0.20861244019138755, 0.04285714285714286]",0.692655820842646,0.25,0.2522606418806214,0.2509042567522486
17,0,3744,1.0418066957567491,0.3003506660461426,0.15036881957112147,0.9099357294767977,0.24092785407627124,0.25636039539782857,"[0.38223938223938225, 0.2491349480968858, 0.4281524926686217, 0.4331103678929766, 0.22285714285714286, 0.24524714828897337, 0.09183673469387756, 0.22986247544204322, 0.24665391969407266, 0.19154228855721392, 0.14087759815242495, 0.16566265060240964, 0.20295566502463055, 0.14285714285714285]",0.6950094408346406,0.25,0.2539196229744591,0.25156784918978364
17,1,3744,1.018834085545988,0.31285256147384644,0.13827288572441673,0.9324108266879676,0.2310633860201748,0.24833222148098733,"[0.36903499469777307, 0.20783645655877342, 0.47072072072072074, 0.4197952218430034, 0.22369668246445498, 0.27121771217712176, 0.07833537331701346, 0.23777564717162034, 0.2679296346414073, 0.18466898954703834, 0.12295081967213115, 0.11099252934898612, 0.21153846153846154, 0.058394160583941604]",0.6787226954605201,0.25,0.24215843418442046,0.24686337367376818
17,2,3744,1.0354306012137324,0.2898307740688324,0.14116399544797018,0.9150802446553711,0.23889215714525888,0.2568602425015954,"[0.32971014492753625, 0.2711864406779661, 0.4216120460584588, 0.44867549668874174, 0.2634508348794063, 0.23977164605137963, 0.09164969450101833, 0.22686567164179106, 0.23106060606060605, 0.23850085178875638, 0.16397228637413394, 0.1439820022497188, 0.17881438289601556, 0.09523809523809523]",0.6923769779339217,0.25,0.25199974089501487,0.2507998963580059
17,3,3744,1.0323959163620942,0.29173654317855835,0.15492937003922647,0.9069914334189944,0.2430779714921381,0.2510278113663845,"[0.4107744107744108, 0.17369727047146402, 0.4594594594594595, 0.44739022369511183, 0.25512104283054005, 0.22900763358778625, 0.07223942208462332, 0.2560846560846561, 0.2202729044834308, 0.14838709677419354, 0.1790633608815427, 0.14218009478672985, 0.20941402497598463, 0.2]",0.6922704494246078,0.25,0.25192220194610554,0.2507688807784422
18,0,3744,1.0330307359878834,0.3367891311645508,0.1500773755696876,0.9143118370322935,0.25129031592743517,0.26545086119554206,"[0.3781749764816557, 0.2556131260794473, 0.4350453172205438, 0.4331103678929766, 0.223069590085796, 0.24505183788878418, 0.09164969450101833, 0.2545045045045045, 0.24641833810888253, 0.24283305227655985, 0.171334431630972, 0.1503957783641161, 0.20904522613065327, 0.18181818181818182]",0.6962842352446057,0.25,0.2474925895353089,0.24899703581412355
18,1,3744,1.0111469640691055,0.2945570945739746,0.13547305912699745,0.9681577406044959,0.22966906142267823,0.24971623155505107,"[0.3538038496791934, 0.19123505976095617, 0.4502923976608187, 0.4175824175824176, 0.22476190476190477, 0.27436140018921473, 0.07276507276507277, 0.24624624624624625, 0.25088757396449707, 0.22172949002217296, 0.13580246913580246, 0.11971830985915492, 0.212890625, 0.04329004329004329]",0.6978580031148459,0.25,0.24861263805123193,0.24944505522049276
18,2,3744,1.026206287665245,0.2965390980243683,0.1445879730730876,0.9463361397398978,0.24567142652779966,0.25950890707751567,"[0.3279569892473118, 0.2967741935483871, 0.40784982935153585, 0.4494195688225539, 0.2620817843866171, 0.25201612903225806, 0.09158679446219382, 0.22030651340996169, 0.23127962085308057, 0.23960066555740434, 0.17086527929901424, 0.15647921760391198, 0.1793372319688109, 0.15384615384615385]",0.6979599899927227,0.25,0.24868530922325685,0.24947412368930275
18,3,3744,1.0262709871826008,0.2889922261238098,0.13814963446695683,0.9490084404607412,0.23390616803790412,0.2536608786108666,"[0.36088888888888887, 0.1896551724137931, 0.4416403785488959, 0.44739022369511183, 0.25512104283054005, 0.23039690222652467, 0.07640449438202247, 0.2455795677799607, 0.2354188759278897, 0.22416812609457093, 0.14654282765737875, 0.14469078179696615, 0.2084130019120459, 0.06837606837606838]",0.7070560609766157,0.25,0.25520946319020227,0.2520837852760809
19,0,3744,1.028130373180422,0.3177313506603241,0.14571571224281185,0.9101029459112465,0.2451235676489857,0.2594737713056429,"[0.36760691537761603, 0.30423940149625933, 0.4050632911392405, 0.4336134453781513, 0.22559241706161137, 0.2534611288604899, 0.09205020920502092, 0.22801932367149758, 0.2495164410058027, 0.2826086956521739, 0.1390728476821192, 0.1423312883435583, 0.20329138431752178, 0.10526315789473684]",0.696715996160541,0.25,0.2462680469916223,0.24850721879664894
19,1,3744,1.0040414509610234,0.3518066704273224,0.14874106720079092,0.8819519838781071,0.24295139331090138,0.253402405830187,"[0.4074074074074074, 0.1568627450980392, 0.5012531328320802, 0.4172297297297297, 0.22540592168099333, 0.2737430167597765, 0.07223942208462332, 0.30340557275541796, 0.23501762632197415, 0.15620641562064155, 0.17357001972386588, 0.12091898428053205, 0.21520236920039487, 0.14285714285714285]",0.6965041561261068,0.25,0.24611831166000372,0.24844732466400152
19,2,3744,1.018469139908114,0.3115566372871399,0.15043165748804332,0.9314125874268464,0.25024036590691695,0.26090514772076273,"[0.32558139534883723, 0.36774193548387096, 0.42611060743427015, 0.45188284518828453, 0.2634508348794063, 0.24489795918367346, 0.09263157894736843, 0.2198852772466539, 0.24946695095948826, 0.3119266055045872, 0.16132368148914167, 0.1388888888888889, 0.17898832684824903, 0.07058823529411765]",0.703892463009682,0.25,0.25136750395268126,0.25054700158107257
19,3,3744,1.0206703620079236,0.30263760685920715,0.14202990383884273,0.9533419561914706,0.23846515596594622,0.2555338541666667,"[0.37222222222222223, 0.17466174661746617, 0.4531590413943355, 0.45112781954887216, 0.2560747663551402, 0.23008849557522124, 0.07583965330444203, 0.25509110396570206, 0.25176470588235295, 0.2701525054466231, 0.1668711656441718, 0.13600891861761427, 0.2084130019120459, 0.037037037037037035]",0.710690340157673,0.25,0.25624613739569263,0.2524984549582771
20,0,3744,1.0193383947906332,0.2873913645744324,0.13951637585984772,0.9581949686458475,0.23732014832390474,0.25406958187041173,"[0.35883905013192613, 0.23529411764705882, 0.39270199826238056, 0.4336734693877551, 0.225, 0.2540650406504065, 0.09473684210526316, 0.22688274547187798, 0.2459485224022879, 0.2911694510739857, 0.15347137637028013, 0.13410404624277455, 0.2017291066282421, 0.0748663101604278]",0.7083182749037106,0.25,0.2496148689414597,0.24984594757658388
20,1,3744,0.9964520222610898,0.3447171747684479,0.13999852469219756,0.9026262680350339,0.23417752293891028,0.2549835326746403,"[0.38737758433079433, 0.15466101694915255, 0.4605678233438486, 0.4172297297297297, 0.22762645914396887, 0.2802030456852792, 0.07345225603357818, 0.26108998732572875, 0.23336968375136313, 0.18861209964412812, 0.1782178217821782, 0.12596401028277635, 0.22269807280513917, 0.06741573033707865]",0.7150482491313402,0.25,0.2543807555623597,0.2517523022249439
20,2,3744,1.0116090951312302,0.36171671748161316,0.1566952811376864,0.9059752768095014,0.25920537679035427,0.27399635827625074,"[0.3595505617977528, 0.29770992366412213, 0.4911111111111111, 0.44867549668874174, 0.26756496631376325, 0.24705882352941178, 0.09202453987730061, 0.24663677130044842, 0.2672919109026964, 0.2661596958174905, 0.1845764854614412, 0.1596009975062344, 0.18326693227091634, 0.11764705882352941]",0.7129856602019311,0.25,0.252915326634664,0.2511661306538656
20,3,3744,1.0112075387922108,0.29585301876068115,0.14921156050097686,0.9239999988626134,0.24827949688836748,0.2550205661746915,"[0.36609558160504957, 0.29577464788732394, 0.41760299625468167, 0.44739022369511183, 0.25512104283054005, 0.2300380228136882, 0.07253886010362694, 0.23719165085388993, 0.22136669874879691, 0.18662952646239556, 0.15233949945593037, 0.14541120381406436, 0.2084130019120459, 0.24]",0.6989979761091932,0.25,0.2430890488615166,0.24723561954460666
21,0,3744,1.013584903977875,0.3447934091091156,0.16753638267659496,0.9057012884992864,0.2594170173445129,0.2654473976583198,"[0.39794871794871794, 0.26497277676951, 0.4682814302191465, 0.4331103678929766, 0.22478386167146974, 0.25149700598802394, 0.09375, 0.24731182795698925, 0.24900398406374502, 0.19235511713933415, 0.16194331983805668, 0.17001545595054096, 0.21019771071800208, 0.26666666666666666]",0.7122617018128095,0.25,0.2489144506300993,0.2495657802520397
21,1,3744,0.9858872270482218,0.3318341076374054,0.1384808917291161,0.9503691341482859,0.233957488434591,0.2570144952106468,"[0.3574074074074074, 0.16917728852838934, 0.4453125, 0.41765704584040747, 0.2256509161041466, 0.2854230377166157, 0.08010012515644556, 0.27832512315270935, 0.24824355971896955, 0.23059866962305986, 0.13624678663239073, 0.12962962962962962, 0.22087132725430597, 0.050761421319796954]",0.7167856748404826,0.25,0.25208648261657085,0.25083459304662836
21,2,3744,1.0055962527409579,0.3181125223636627,0.14439764011245876,0.9477093847913289,0.24271510794506604,0.2610491532424618,"[0.35331230283911674, 0.21380243572395127, 0.46794871794871795, 0.4494195688225539, 0.2655367231638418, 0.24236641221374045, 0.09240246406570841, 0.2317948717948718, 0.24869383490073146, 0.23931623931623933, 0.20348837209302326, 0.14840989399293286, 0.18181818181818182, 0.05970149253731343]",0.7116214287041992,0.25,0.24846713864905917,0.24938685545962366
21,3,3744,1.0020542713312002,0.31788381934165955,0.1420974995673093,0.9462585635969026,0.2392282388272037,0.2586578293289147,"[0.3674976915974146, 0.22519083969465647, 0.4437299035369775, 0.4472361809045226, 0.255358807082945, 0.23032629558541268, 0.07683863885839737, 0.24771573604060915, 0.23937360178970918, 0.22727272727272727, 0.1712907117008444, 0.14383561643835616, 0.20901246404602108, 0.06451612903225806]",0.7145721376717656,0.25,0.2505319281042707,0.25021277124170827
22,0,3744,1.0068353573481241,0.3401433229446411,0.1496652803474031,0.910244181474865,0.25093483755669393,0.26730997122058575,"[0.36330935251798563, 0.32272727272727275, 0.4072398190045249, 0.4331103678929766, 0.22580645161290322, 0.24701195219123506, 0.09183673469387756, 0.28681177976952626, 0.2459485224022879, 0.20512820512820512, 0.19829059829059828, 0.14673913043478262, 0.2057942057942058, 0.13333333333333333]",0.7166181898064339,0.25,0.2495824472388741,0.24983297889554965
22,1,3744,0.9800929488789322,0.335112065076828,0.1396671044499977,0.9491959305473087,0.23665012157561777,0.2603459972862958,"[0.3582358235823582, 0.23593466424682397, 0.422707423580786, 0.41824440619621345, 0.22285714285714286, 0.28280773143438453, 0.09076175040518639, 0.25357873210633947, 0.22905620360551432, 0.2823529411764706, 0.1327334083239595, 0.12727272727272726, 0.212890625, 0.043668122270742356]",0.7125589348154693,0.25,0.2467629558455628,0.2487051823382251
22,2,3744,0.9982109183939094,0.3292422592639923,0.14779694973557694,0.9425636755824437,0.25011744459850577,0.267299525355983,"[0.3339587242026266, 0.2820976491862568, 0.43342516069788795, 0.4494195688225539, 0.26833976833976836, 0.25510204081632654, 0.09316770186335403, 0.23566214807090718, 0.23414634146341465, 0.2796116504854369, 0.19047619047619047, 0.1571072319201995, 0.18003913894324852, 0.10909090909090909]",0.727010119570979,0.25,0.2568734955575375,0.252749398223015
22,3,3744,0.9936894534490047,0.343954861164093,0.14526766242389294,0.9405725186390862,0.24478968146569954,0.2667007498295842,"[0.36477987421383645, 0.23868312757201646, 0.42829457364341084, 0.4512820512820513, 0.255358807082945, 0.25339366515837103, 0.081145584725537, 0.24897959183673468, 0.24, 0.267260579064588, 0.1687041564792176, 0.1566579634464752, 0.2084130019120459, 0.0641025641025641]",0.7125851330535762,0.25,0.24678110135802572,0.2487124405432103
23,0,3744,1.000176047005205,0.3544747531414032,0.15323229179945427,0.9285650781599417,0.25554471076652757,0.26974818903070025,"[0.39634146341463417, 0.21828103683492497, 0.48448687350835323, 0.4338358458961474, 0.22775119617224882, 0.24806201550387597, 0.09371671991480299, 0.2638888888888889, 0.25976768743400214, 0.2483221476510067, 0.17304964539007092, 0.15405405405405406, 0.2222222222222222, 0.15384615384615385]",0.7236608602297988,0.25,0.25128104658716816,0.2505124186348673
23,1,3744,0.9745242273196196,0.3480713665485382,0.14426485895729455,0.9143553148540241,0.24284895745758267,0.26224982746721875,"[0.3752535496957404, 0.26778242677824265, 0.4427032321253673, 0.41935483870967744, 0.22476190476190477, 0.27677725118483415, 0.07560137457044673, 0.25025432349949134, 0.22940563086548488, 0.20793950850661624, 0.1588785046728972, 0.1262135922330097, 0.219959266802444, 0.125]",0.7223955112608067,0.25,0.2504030656168661,0.2501612262467464
23,2,3744,0.9917574153496669,0.34845250844955444,0.1457802287267365,0.9019637992749212,0.2464505601123251,0.2717900656044986,"[0.32667876588021777, 0.2916666666666667, 0.42857142857142855, 0.45204336947456214, 0.2677012609117362, 0.2681081081081081, 0.09502262443438914, 0.23864836325237593, 0.23517978620019436, 0.25, 0.18543046357615894, 0.1864406779661017, 0.184, 0.04081632653061224]",0.7221970044537525,0.25,0.25026546818495404,0.2501061872739816
23,3,3744,0.9881540318330129,0.36880621314048767,0.16361866814215614,0.9132138075597176,0.2693391200537545,0.27151152560267466,"[0.37077625570776257, 0.2080536912751678, 0.4223255813953488, 0.44739022369511183, 0.2587346553352219, 0.24074074074074073, 0.0720164609053498, 0.30824372759856633, 0.2198852772466539, 0.1619718309859155, 0.29110512129380056, 0.2024432809773124, 0.21923474663908996, 0.34782608695652173]",0.7189938920432143,0.25,0.24805041961101165,0.24922016784440465
24,0,3744,0.9952289179858999,0.3794785737991333,0.1642390838400781,0.897280111358049,0.2669210016907991,0.27528490028490027,"[0.36942675159235666, 0.23617339312406577, 0.47344110854503463, 0.4331103678929766, 0.23151750972762647, 0.2471042471042471, 0.09174311926605505, 0.2892561983471074, 0.24571428571428572, 0.1882640586797066, 0.24802110817941952, 0.17028380634390652, 0.25196850393700787, 0.2608695652173913]",0.7264729247265322,0.25,0.25182718877837695,0.25073087551135076
24,1,3744,0.9663158925170572,0.36377495527267456,0.15010547879493963,0.9359425551857229,0.2513541685569753,0.26479915433403806,"[0.38961038961038963, 0.28824833702882485, 0.4594594594594595, 0.4179357021996616, 0.2248062015503876, 0.2736644798500469, 0.07555555555555556, 0.2734839476813318, 0.22703818369453044, 0.2039355992844365, 0.16164817749603805, 0.12360939431396786, 0.218144750254842, 0.18181818181818182]",0.7240976338779961,0.25,0.2501831221824884,0.25007324887299537
24,2,3744,0.9833126090530656,0.35500839352607727,0.15323285128744835,0.948237663069475,0.25749734153801324,0.27304751267291005,"[0.35129740518962077, 0.2727272727272727, 0.46028513238289204, 0.4509151414309484, 0.2656688493919551, 0.2413793103448276, 0.09282700421940929, 0.267515923566879, 0.2432701894317049, 0.22560975609756098, 0.2585551330798479, 0.154776299879081, 0.18680203045685279, 0.13333333333333333]",0.7313239456166107,0.25,0.25520156816756023,0.25208062726702407
24,3,3744,0.9788353305087131,0.3918280303478241,0.17064288458077592,0.8903310815857569,0.2737180014641499,0.2748591165242683,"[0.37407407407407406, 0.234375, 0.4581901489117984, 0.44776119402985076, 0.25727699530516435, 0.23576423576423577, 0.07360672975814932, 0.29559748427672955, 0.22487562189054727, 0.17271589486858574, 0.25, 0.18471337579617833, 0.2481012658227848, 0.375]",0.7133157957861116,0.25,0.24278812087157453,0.2471152483486298
25,0,3744,0.9857643621599572,0.34906235337257385,0.14692855664966165,0.8771110013711871,0.24429364927023745,0.26241686101753475,"[0.40301724137931033, 0.19672131147540983, 0.424901185770751, 0.4331103678929766, 0.22753346080305928, 0.2468415937803693, 0.09193054136874361, 0.29073482428115016, 0.24807692307692308, 0.20728291316526612, 0.22641509433962265, 0.1324200913242009, 0.2077922077922078, 0.08333333333333333]",0.7002577164904238,0.25,0.2353601120376341,0.24414404481505364
25,1,3744,0.9580761256380977,0.3630126416683197,0.1501926318458706,0.895948034477789,0.2443890877927401,0.2592198581560284,"[0.4560810810810811, 0.22569444444444445, 0.4788732394366197, 0.41680960548885077, 0.22369668246445498, 0.27247451343836887, 0.0967238689547582, 0.2421259842519685, 0.26153846153846155, 0.18425460636515914, 0.1376037959667853, 0.11146838156484459, 0.21153846153846154, 0.10256410256410256]",0.7231105307636082,0.25,0.25097266839357657,0.2503890673574306
25,2,3744,0.9770966481958699,0.3977740406990051,0.15994670793251806,0.929695511860704,0.2645531306692027,0.2818181818181818,"[0.36441586280814575, 0.2550335570469799, 0.5109489051094891, 0.45016611295681064, 0.2757242757242757, 0.25201612903225806, 0.09554140127388536, 0.26270136307311026, 0.2682080924855491, 0.2644320297951583, 0.23049645390070922, 0.16599732262382866, 0.1984732824427481, 0.1095890410958904]",0.7358536708800261,0.25,0.2598962284300675,0.253958491372027
25,3,3744,0.975106120822776,0.3741424083709717,0.14876322372983533,0.9068512482146086,0.25061049825454623,0.2747349823321555,"[0.37570093457943926, 0.2222222222222222, 0.41830065359477125, 0.4487072560467056, 0.26070409134157946, 0.23974763406940064, 0.07861271676300578, 0.2549889135254989, 0.23681377825618946, 0.23371647509578544, 0.25609756097560976, 0.1688125894134478, 0.21734795613160518, 0.0967741935483871]",0.7271306645787801,0.25,0.2537709911387218,0.2515083964554887
