round,client_id,accuracy,precision,recall,f1_score,auc_roc,num_samples
15,1,1.0,1.0,1.0,1.0,1.0,521
15,2,1.0,1.0,1.0,1.0,1.0,1304
15,3,1.0,1.0,1.0,1.0,1.0,1825
15,4,0.9993614303959132,1.0,0.9991349480968859,0.9995672868887927,1.0,1566
30,1,1.0,1.0,1.0,1.0,1.0,521
30,2,1.0,1.0,1.0,1.0,1.0,1304
30,3,1.0,1.0,1.0,1.0,1.0,1825
30,4,1.0,1.0,1.0,1.0,1.0,1566
30,1,1.0,1.0,1.0,1.0,1.0,1304
30,2,1.0,1.0,1.0,1.0,1.0,1304
30,3,1.0,1.0,1.0,1.0,1.0,1304
30,4,1.0,1.0,1.0,1.0,1.0,1304
30,1,0.9961656441717791,0.9989517819706499,0.9958202716823407,0.9973835688121402,0.9995091529425227,1304
30,2,0.9938650306748467,0.9969543147208122,0.9949341438703141,0.9959432048681541,0.9998881356690605,1304
30,3,0.995398773006135,0.9959349593495935,0.9979633401221996,0.9969481180061037,0.999952562269927,1304
30,4,0.9984662576687117,1.0,0.9978925184404637,0.9989451476793249,0.99998219029668,1304
1,1,0.9194785276073619,0.9152046783625731,0.9811912225705329,0.9470499243570348,0.978773123262838,1304
1,2,0.9355828220858896,0.9320574162679426,0.9868287740628167,0.9586614173228346,0.9802255824136488,1304
1,3,0.9317484662576687,0.9264565425023877,0.9877800407331976,0.9561360275998029,0.978507545761597,1304
1,4,0.924079754601227,0.9216269841269841,0.9789251844046365,0.9494123658661217,0.9808842517698392,1304
2,1,0.9470858895705522,0.9521384928716904,0.9770114942528736,0.964414646725116,0.9880420020537282,1304
2,2,0.9555214723926381,0.963110667996012,0.9787234042553191,0.9708542713567839,0.988676133585188,1304
2,3,0.9562883435582822,0.9547689282202556,0.9887983706720977,0.9714857428714357,0.9878622661319907,1304
2,4,0.9539877300613497,0.9558974358974359,0.982086406743941,0.9688149688149689,0.9905964766470265,1304
3,1,0.9562883435582822,0.9828326180257511,0.9571577847439916,0.9698253043938592,0.9914177048232499,1304
3,2,0.9547546012269938,0.9803312629399586,0.9594731509625126,0.9697900665642601,0.9925082859507989,1304
3,3,0.9616564417177914,0.9804123711340206,0.9684317718940937,0.9743852459016393,0.9914042833107741,1304
3,4,0.9654907975460123,0.986021505376344,0.9662802950474183,0.9760510910058542,0.9935944433725641,1304
4,1,0.9624233128834356,0.9748953974895398,0.9738766980146291,0.974385781495034,0.9926222374796358,1304
4,2,0.9670245398773006,0.9758064516129032,0.9807497467071935,0.9782718544719555,0.9936045563940054,1304
4,3,0.9700920245398773,0.971028971028971,0.9898167006109979,0.9803328290468987,0.9932417047222678,1304
4,4,0.9693251533742331,0.9769150052465897,0.9810326659641728,0.9789695057833859,0.9949272028376794,1304
5,1,0.963957055214724,0.9850746268656716,0.9655172413793104,0.9751978891820581,0.9938930194321232,1304
5,2,0.963957055214724,0.9815573770491803,0.9706180344478217,0.9760570555272542,0.9945570012688612,1304
5,3,0.9723926380368099,0.9826530612244898,0.9806517311608961,0.981651376146789,0.9942790097531973,1304
5,4,0.9693251533742331,0.9850586979722519,0.9726027397260274,0.9787910922587487,0.9960878018373677,1304
6,1,0.9677914110429447,0.987220447284345,0.9686520376175548,0.9778481012658228,0.9949018155318463,1304
6,2,0.9662576687116564,0.9845837615621789,0.9706180344478217,0.9775510204081632,0.9958226662703473,1304
6,3,0.9754601226993865,0.9837067209775967,0.9837067209775967,0.9837067209775967,0.995370077544876,1304
6,4,0.973159509202454,0.9924568965517241,0.9704952581664911,0.9813532232285562,0.9970940500749492,1304
7,1,0.9716257668711656,0.9801670146137788,0.9811912225705329,0.9806788511749347,0.995202948695943,1304
7,2,0.9762269938650306,0.9847870182555781,0.983789260385005,0.9842878864673087,0.9962125933667647,1304
7,3,0.9746932515337423,0.9778449144008057,0.9887983706720977,0.9832911392405064,0.9961227561953676,1304
7,4,0.9792944785276073,0.9852631578947368,0.9863013698630136,0.985781990521327,0.997194971727096,1304
8,1,0.973159509202454,0.9904255319148936,0.9728317659352143,0.981549815498155,0.9960672008768998,1304
8,2,0.9746932515337423,0.9877300613496932,0.9787234042553191,0.983206106870229,0.9968102685063556,1304
8,3,0.9823619631901841,0.9887869520897044,0.9877800407331976,0.9882832399388691,0.9969544977293139,1304
8,4,0.9762269938650306,0.9924892703862661,0.9747102212855637,0.9835194045720361,0.9978658038854836,1304
9,1,0.9746932515337423,0.9852941176470589,0.9801462904911181,0.9827134625458355,0.9962418581120758,1304
9,2,0.9785276073619632,0.9868020304568528,0.9848024316109423,0.9858012170385395,0.9970627622819045,1304
9,3,0.9769938650306749,0.9808080808080808,0.9887983706720977,0.9847870182555781,0.9971916863796789,1304
9,4,0.9800613496932515,0.9873284054910243,0.9852476290832455,0.9862869198312236,0.9979993766603839,1304
10,1,0.9754601226993865,0.9842931937172775,0.9822361546499477,0.9832635983263598,0.9967056031847843,1304
10,2,0.977760736196319,0.9867886178861789,0.983789260385005,0.9852866565195332,0.9975357885955913,1304
10,3,0.9800613496932515,0.9828282828282828,0.9908350305498982,0.986815415821501,0.9975174254595135,1304
10,4,0.9846625766871165,0.9884332281808622,0.9905163329820864,0.9894736842105263,0.998394158417311,1304
11,1,0.9762269938650306,0.9853249475890985,0.9822361546499477,0.9837781266352695,0.997082019639905,1304
11,2,0.9823619631901841,0.9888438133874239,0.9878419452887538,0.988342625443487,0.9978426164747394,1304
11,3,0.9815950920245399,0.9848178137651822,0.9908350305498982,0.9878172588832488,0.998001290306258,1304
11,4,0.9861963190184049,0.9894847528916929,0.9915700737618546,0.9905263157894737,0.9987177013609582,1304
12,1,0.9792944785276073,0.9823651452282157,0.9895506792058516,0.9859448204060385,0.9973650848141558,1304
12,2,0.9808282208588958,0.9848790322580645,0.9898682877406282,0.9873673572511369,0.9980983063740296,1304
12,3,0.9785276073619632,0.9789156626506024,0.9928716904276986,0.9858442871587462,0.9980993282817422,1304
12,4,0.9869631901840491,0.9874476987447699,0.9947312961011591,0.9910761154855643,0.9988690838391783,1304
13,1,0.9823619631901841,0.9864583333333333,0.9895506792058516,0.9880020865936359,0.9977234332794306,1304
13,2,0.9838957055214724,0.9898580121703854,0.9888551165146909,0.9893563101875317,0.9984083303769189,1304
13,3,0.9838957055214724,0.9868287740628167,0.9918533604887984,0.98933468765871,0.9985863556438249,1304
13,4,0.9884969325153374,0.990546218487395,0.9936775553213909,0.9921094160967912,0.9991391976728654,1304
14,1,0.9808282208588958,0.992600422832981,0.9811912225705329,0.9868628481345244,0.9979071245095293,1304
14,2,0.9808282208588958,0.9918200408997955,0.9827760891590679,0.9872773536895675,0.9984466838618123,1304
14,3,0.9846625766871165,0.9918200408997955,0.9877800407331976,0.9897959183673469,0.9987349938647203,1304
14,4,0.9846625766871165,0.9946751863684771,0.9841938883034773,0.989406779661017,0.9992549607444455,1304
15,1,0.9823619631901841,0.9926160337552743,0.9832810867293625,0.9879265091863517,0.9979282038310162,1304
15,2,0.9823619631901841,0.9908350305498982,0.9858156028368794,0.9883189436262062,0.9987055698848437,1304
15,3,0.9854294478527608,0.9908256880733946,0.9898167006109979,0.9903209373408048,0.9988804695702774,1304
15,4,0.9861963190184049,0.9936373276776246,0.9873551106427819,0.9904862579281184,0.9994271212098725,1304
16,1,0.9846625766871165,0.9905759162303664,0.9885057471264368,0.9895397489539749,0.9984672321947488,1304
16,2,0.9861963190184049,0.9898887765419616,0.9918946301925026,0.9908906882591093,0.998839807081971,1304
16,3,0.9884969325153374,0.9918616480162767,0.9928716904276986,0.9923664122137404,0.9991967211040973,1304
16,4,0.9892638036809815,0.9926238145416227,0.9926238145416227,0.9926238145416227,0.999531011145906,1304
17,1,0.9800613496932515,0.9774358974358974,0.9958202716823407,0.9865424430641822,0.9984762661896718,1304
17,2,0.9854294478527608,0.984,0.9969604863221885,0.9904378459989934,0.9989516714129104,1304
17,3,0.9800613496932515,0.9760956175298805,0.9979633401221996,0.9869083585095669,0.9993485218403309,1304
17,4,0.9884969325153374,0.9854469854469855,0.9989462592202318,0.9921507064364207,0.9995725671203194,1304
18,1,0.9838957055214724,0.9814814814814815,0.9968652037617555,0.9891135303265941,0.9985816627971055,1304
18,2,0.9869631901840491,0.9869477911646586,0.9959473150962512,0.9914271306101866,0.9991242620949313,1304
18,3,0.9831288343558282,0.9809619238476954,0.9969450101832994,0.9888888888888889,0.9994212596931095,1304
18,4,0.99079754601227,0.9885297184567258,0.9989462592202318,0.9937106918238994,0.9996675522046929,1304
19,1,0.9877300613496932,0.9957850368809273,0.987460815047022,0.9916054564533053,0.9985937081236693,1304
19,2,0.9838957055214724,0.9918533604887984,0.9868287740628167,0.98933468765871,0.9992041651884593,1304
19,3,0.9861963190184049,0.9918367346938776,0.9898167006109979,0.9908256880733946,0.9994718599385207,1304
19,4,0.99079754601227,0.9989350372736954,0.9884088514225501,0.9936440677966102,0.9997773787084997,1304
20,1,0.9869631901840491,0.9947368421052631,0.987460815047022,0.9910854745673833,0.998789444680332,1304
20,2,0.9869631901840491,0.9928861788617886,0.9898682877406282,0.991374936580416,0.999245714797094,1304
20,3,0.99079754601227,0.9948979591836735,0.9928716904276986,0.9938837920489296,0.9995667353986667,1304
20,4,0.9938650306748467,0.9989395546129375,0.9926238145416227,0.9957716701902748,0.9997773787084997,1304
21,1,0.9877300613496932,0.996832101372756,0.9864158829676071,0.9915966386554622,0.998792456011973,1304
21,2,0.9861963190184049,0.9948927477017364,0.9868287740628167,0.9908443540183113,0.9994470705927851,1304
21,3,0.9884969325153374,0.9948822927328557,0.9898167006109979,0.9923430321592649,0.9996299857054307,1304
21,4,0.9900306748466258,0.997872340425532,0.9884088514225501,0.9931180518793012,0.9997862835601597,1304
22,1,0.9884969325153374,0.9885892116182573,0.9958202716823407,0.9921915668922436,0.9987954673436139,1304
22,2,0.9892638036809815,0.9909182643794148,0.9949341438703141,0.9929221435793731,0.9995397581812777,1304
22,3,0.99079754601227,0.98989898989899,0.9979633401221996,0.9939148073022313,0.9997153736195621,1304
22,4,0.9923312883435583,0.9916230366492147,0.9978925184404637,0.9947478991596639,0.9998931417800799,1304
23,1,0.9900306748466258,0.9968421052631579,0.9895506792058516,0.9931830099632931,0.9989972265635587,1304
23,2,0.9900306748466258,0.9949186991869918,0.9918946301925026,0.9934043632673769,0.9996292496460294,1304
23,3,0.9930981595092024,0.9939086294416244,0.9969450101832994,0.9954245043213015,0.9997849489570024,1304
23,4,0.995398773006135,0.9989417989417989,0.9947312961011591,0.996832101372756,0.9999139197672866,1304
24,1,0.9884969325153374,0.9875776397515528,0.9968652037617555,0.9921996879875195,0.999135747819043,1304
24,2,0.9900306748466258,0.9889558232931727,0.9979736575481256,0.9934442763489663,0.9996516225122172,1304
24,3,0.9854294478527608,0.9819819819819819,0.9989816700610998,0.9904088844018173,0.9997912739876789,1304
24,4,0.9923312883435583,0.9905956112852664,0.9989462592202318,0.9947534102833159,0.9999465708900399,1304
25,1,0.9923312883435583,0.9937434827945777,0.9958202716823407,0.9947807933194155,0.999223076436631,1304
25,2,0.9923312883435583,0.9959390862944163,0.993920972644377,0.9949290060851927,0.9996771915021461,1304
25,3,0.9938650306748467,0.9939148073022313,0.9979633401221996,0.9959349593495935,0.9999146120858686,1304
25,4,0.9969325153374233,0.9989440337909187,0.9968387776606955,0.9978902953586498,0.9999317294706066,1304
26,1,0.9900306748466258,0.9896265560165975,0.9968652037617555,0.9932326913066112,0.999223076436631,1304
26,2,0.9923312883435583,0.9919436052366566,0.9979736575481256,0.9949494949494949,0.9997762713381211,1304
26,3,0.99079754601227,0.9879275653923542,1.0,0.9939271255060729,0.9998355492024136,1304
26,4,0.9961656441717791,0.9947589098532494,1.0,0.9973725696269049,0.9999851585805667,1304
27,1,0.9900306748466258,0.9896265560165975,0.9968652037617555,0.9932326913066112,0.9992019971151443,1304
27,2,0.9915644171779141,0.9899598393574297,0.9989868287740629,0.994452849218356,0.9998018403280501,1304
27,3,0.9892638036809815,0.9859437751004017,1.0,0.9929221435793731,0.9999399122085741,1304
27,4,0.9946319018404908,0.9937106918238994,0.9989462592202318,0.9963215974776668,0.99997328544502,1304
28,1,0.9915644171779141,0.9989451476793249,0.9895506792058516,0.9942257217847769,0.9993405183706286,1304
28,2,0.9930981595092024,0.9979633401221996,0.9929078014184397,0.9954291518537328,0.9998817434215783,1304
28,3,0.9961656441717791,0.9989785495403473,0.9959266802443992,0.9974502804691484,0.9999240996318832,1304
28,4,0.995398773006135,1.0,0.9936775553213909,0.9968287526427061,0.99998219029668,1304
29,1,0.9938650306748467,0.9989484752891693,0.9926854754440961,0.9958071278825996,0.9994519376413444,1304
29,2,0.9938650306748467,0.9989806320081549,0.9929078014184397,0.9959349593495935,0.9999137046589895,1304
29,3,0.9976993865030674,1.0,0.9969450101832994,0.998470168281489,0.9999557247852652,1304
29,4,0.9976993865030674,1.0,0.9968387776606955,0.9984168865435357,0.9999881268644534,1304
30,1,0.9969325153374233,0.9989528795811519,0.9968652037617555,0.997907949790795,0.9995061416108817,1304
30,2,0.9946319018404908,0.9969574036511156,0.9959473150962512,0.9964521033958439,0.9999169007827307,1304
30,3,0.9961656441717791,0.9959390862944163,0.9989816700610998,0.9974580579562786,0.9999778623926325,1304
30,4,0.9992331288343558,1.0,0.9989462592202318,0.9994728518713759,0.99999109514834,1304
1,1,0.9938775510204082,1.0,0.9938461538461538,0.9969135802469136,0.9997948717948718,980
1,2,0.9719101123595506,0.954248366013072,1.0,0.9765886287625418,0.9996761176595519,1246
1,3,0.9439252336448598,0.8753246753246753,1.0,0.9335180055401662,0.9985191792021864,856
1,4,0.9910965323336457,0.9918655097613883,0.9978177850518276,0.9948327440848518,0.9992025128096379,2134
2,1,0.9979591836734694,1.0,0.997948717948718,0.9989733059548255,1.0,980
2,2,0.9799357945425361,0.9668874172185431,1.0,0.9831649831649831,0.9999150472549644,1246
2,3,0.9754672897196262,0.9413407821229051,1.0,0.9697841726618706,0.9997998890813764,856
2,4,0.9967197750702905,0.9967355821545157,0.9994544462629569,0.9980931626259875,0.9999510632860459,2134
3,1,0.9938775510204082,1.0,0.9938461538461538,0.9969135802469136,1.0,980
3,2,0.9959871589085072,0.9931972789115646,1.0,0.9965870307167235,0.9999681427206116,1246
3,3,0.9953271028037384,0.9970149253731343,0.9910979228486647,0.9940476190476191,0.9998799334488259,856
3,4,0.9962511715089035,0.9994526546250684,0.9961811238406983,0.9978142076502732,0.9999546882278204,2134
4,1,1.0,1.0,1.0,1.0,1.0,980
4,2,0.9823434991974318,0.9707446808510638,1.0,0.9851551956815114,0.9999973452267177,1246
4,3,0.9672897196261683,0.9232876712328767,1.0,0.9601139601139601,0.9999885650903644,856
4,4,0.9976569821930646,0.9972796517954298,1.0,0.9986379733042767,0.9999927501164512,2134
5,1,0.9989795918367347,1.0,0.9989743589743589,0.9994869163673679,1.0,980
5,2,0.9975922953451043,0.9959072305593452,1.0,0.9979494190020506,0.9999973452267177,1246
5,3,0.9941588785046729,0.9853801169590644,1.0,0.9926362297496318,0.9999942825451822,856
5,4,1.0,1.0,1.0,1.0,1.0,2134
6,1,0.996938775510204,1.0,0.9969230769230769,0.9984591679506933,1.0,980
6,2,0.9975922953451043,0.9959072305593452,1.0,0.9979494190020506,0.9999973452267177,1246
6,3,0.9964953271028038,0.9911764705882353,1.0,0.9955686853766618,0.9999771301807288,856
6,4,0.9995313964386129,0.9994547437295529,1.0,0.9997272975184074,0.9999981875291128,2134
7,1,0.9989795918367347,1.0,0.9989743589743589,0.9994869163673679,1.0,980
7,2,1.0,1.0,1.0,1.0,1.0,1246
7,3,1.0,1.0,1.0,1.0,1.0,856
7,4,1.0,1.0,1.0,1.0,1.0,2134
8,1,1.0,1.0,1.0,1.0,1.0,980
8,2,0.9975922953451043,0.9959072305593452,1.0,0.9979494190020506,1.0,1246
8,3,0.9883177570093458,0.9711815561959655,1.0,0.9853801169590644,0.9999942825451822,856
8,4,0.9995313964386129,0.9994547437295529,1.0,0.9997272975184074,1.0,2134
9,1,0.9979591836734694,1.0,0.997948717948718,0.9989733059548255,1.0,980
9,2,1.0,1.0,1.0,1.0,1.0,1246
9,3,0.9988317757009346,0.9970414201183432,1.0,0.9985185185185185,1.0,856
9,4,1.0,1.0,1.0,1.0,1.0,2134
10,1,0.9989795918367347,1.0,0.9989743589743589,0.9994869163673679,1.0,980
10,2,1.0,1.0,1.0,1.0,1.0,1246
10,3,1.0,1.0,1.0,1.0,1.0,856
10,4,1.0,1.0,1.0,1.0,1.0,2134
